Subreddit,Avg_Polite_per_1000,Avg_Rude_per_1000,Avg_Questions_per_1000,Avg_Lexical_Diversity
books_textAnalytics,4.917442034318043,0.32026615814610554,8.403188379460204,0.5352286414541174
SimpleLiving,2.954352361555957,0.4384022383399532,13.325004948946514,0.6988222174850998
Liberal,3.5428576054333853,0.8148709626929191,27.405796437098832,0.5155096499922137
Parenting,2.458846517773699,0.32910235344585975,11.930927439758047,0.6869581171747136
mentalhealth_textAnalytics,3.008316879367964,1.6819545627724057,7.173995112575146,0.6577344529343164
Atheism,2.148128172887488,1.390569307085347,13.803189342600003,0.5603212738223433
Feminism,3.578229058149975,0.53731675056789,18.655088414565764,0.4551982413339781
OutOfTheLoop_textAnalytics,2.5684665494093033,0.7166445791277549,48.39044795519803,0.8525416049223826
relationships_textAnalytics,1.894585893499971,0.4258354312185275,5.250144441676177,0.5223869719549302
PoliticalDebate_textAnalytics,1.244648010067238,0.4460618482740528,11.12163698904769,0.6689288303352408
NeutralPolitics,1.3200732614600452,0.12318489514228688,19.11501628083166,0.7035190640010965
changemyview_textAnalaytics,1.166852272209848,0.6091441590430713,3.733714765728883,0.6215330468058677
