Subreddit,Avg_Emotional_per_1000,Avg_Cognitive_per_1000
books_textAnalytics,2.7887637780930605,8.208269099226415
SimpleLiving,5.1660008748374775,6.804396650984452
Liberal,1.6438599207626647,9.560669097649807
Parenting,3.7833554236719844,8.0757608666768
mentalhealth_textAnalytics,5.562808616735689,12.66289678236253
Atheism,2.642290418910771,14.474336531218112
Feminism,2.3861019985613643,11.577813262914729
OutOfTheLoop_textAnalytics,1.4259743674134757,10.897819256804967
relationships_textAnalytics,4.81206457583076,11.383404893409432
PoliticalDebate_textAnalytics,0.776728479909036,10.052581256739797
NeutralPolitics,0.30407065867828054,3.4665205227082074
changemyview_textAnalaytics,1.316108313067901,10.796612490276713
