Subreddit,Avg_Tentative_per_1000,Avg_Assertive_per_1000
books_textAnalytics,5.467418099230951,3.4878948777907963
SimpleLiving,4.693293591699474,3.3690541626869526
Liberal,6.414107303634622,3.167520886404409
Parenting,4.961209360762799,4.504882055084054
mentalhealth_textAnalytics,6.577860644834529,5.309451761885995
Atheism,5.386393130585657,4.1436556030427925
Feminism,4.888109476561371,3.4917445247496506
OutOfTheLoop_textAnalytics,7.366483195229597,3.3893691965319324
relationships_textAnalytics,5.152605944731413,5.480767315184898
PoliticalDebate_textAnalytics,5.770503086102833,2.475240340977902
NeutralPolitics,3.6804888072904993,1.0951381570575422
changemyview_textAnalaytics,6.508076009899675,2.8487136315497663
